display_name,arm,ihp,nctp,metric,value_status,is_final,NAB,NASA,YAHOO,equal11,fileweighted
REL,IHP0_NCTP0,0,0,F1-max,local_same_protocol_corrected_primary,False,0.5944960974697817,0.7349944604661585,0.6528392471989122,0.6412569451888068,0.663640136434472
IHP only,IHP1_NCTP0,1,0,F1-max,local_same_protocol_corrected_primary,False,0.6495468430205272,0.7224053011277535,0.6640280327293834,0.6680597225705162,0.6715098251649675
NCTP only,IHP0_NCTP1,0,1,F1-max,local_same_protocol_corrected_primary,False,0.6718738008023722,0.7448387516631216,0.6642984048963633,0.6823854660839598,0.6796253519608424
IHP + NCTP,IHP1_NCTP1,1,1,F1-max,local_same_protocol_corrected_primary,True,0.6822994723530438,0.7206143142954192,0.6793475995246707,0.6881923989504309,0.688329294934311
