display_name,arm,ihp,nctp,metric,value_status,is_final,NAB,NASA,YAHOO,equal11,fileweighted
REL,IHP0_NCTP0,0,0,VUS-PR,local_same_protocol_corrected_primary,False,0.7055681386467796,0.4853484626303164,0.785305940730246,0.6945237619468648,0.7371412637379013
IHP only,IHP1_NCTP0,1,0,VUS-PR,local_same_protocol_corrected_primary,False,0.7123441606885157,0.4820201702118565,0.8064303773141286,0.7046802411929823,0.7513170141084401
NCTP only,IHP0_NCTP1,0,1,VUS-PR,local_same_protocol_corrected_primary,False,0.7369707233539049,0.4956992354165211,0.7954158379221273,0.7143559490264615,0.7496878973298549
IHP + NCTP,IHP1_NCTP1,1,1,VUS-PR,local_same_protocol_corrected_primary,True,0.7345810327836894,0.4969427530630119,0.8167291850401449,0.7212461282004591,0.7636901586836733
