display_name,arm,ihp,nctp,metric,value_status,is_final,NAB,NASA,YAHOO,equal11,fileweighted
REL,IHP0_NCTP0,0,0,AUPRC,local_same_protocol_corrected_primary,False,0.3423997815878329,0.4888045566071547,0.1531229848218399,0.3001909054946213,0.2197918896881683
IHP only,IHP1_NCTP0,1,0,AUPRC,local_same_protocol_corrected_primary,False,0.3450097282764108,0.5083256877838234,0.2008296958507561,0.3222744363957023,0.2558369186286833
NCTP only,IHP0_NCTP1,0,1,AUPRC,local_same_protocol_corrected_primary,False,0.4339954370711553,0.5384594297712042,0.1199567561274882,0.3387930063098307,0.2110417537961553
IHP + NCTP,IHP1_NCTP1,1,1,AUPRC,local_same_protocol_corrected_primary,True,0.4246776446611863,0.5587356589195436,0.1386057185667958,0.345025674128382,0.225995083382932
